Serial;vetor_condicoes;km inicial;km final;Classe
DAS-INV-2025.02943;Regular, Bom, Bom, Bom, Bom;264,663;264,663;Drenagem Superficial
DAS-INV-2025.02576;Regular, Bom, Bom, Bom, Bom;203,207;203,207;Drenagem Superficial
DAS-INV-2025.02915;Regular, Bom, Bom, Bom, Bom;260,154;260,154;Drenagem Superficial
DAS-INV-2025.02752;Regular, Bom, Bom, Bom, Bom;232,599;232,599;Drenagem Superficial
DAS-INV-2025.02595;Regular, Bom, Bom, Bom, Bom;206,38;206,38;Drenagem Superficial
DAS-INV-2025.02987;Regular, Bom, Bom, Bom, Bom;271,844;271,844;Drenagem Superficial
DAS-INV-2025.03024;Regular, Bom, Bom, Bom, Bom;278,19;278,19;Drenagem Superficial
DAS-INV-2025.02754;Regular, Bom, Bom, Bom, Bom;232,766;232,766;Drenagem Superficial
DAS-INV-2025.02755;Regular, Bom, Bom, Bom, Bom;233,1;233,1;Drenagem Superficial
DAS-INV-2025.02664;Regular, Bom, Bom, Bom, Bom;218,07;218,07;Drenagem Superficial
DAS-INV-2025.02654;Regular, Bom, Bom, Bom, Bom;216,066;216,066;Drenagem Superficial
DAS-INV-2025.02482;Regular, Bom, Bom, Bom, Bom;187,676;187,676;Drenagem Superficial
DAS-INV-2025.02575;Regular, Bom, Bom, Bom, Bom;202,873;202,873;Drenagem Superficial
DAS-INV-2025.02903;Regular, Bom, Bom, Bom, Bom;256,48;256,48;Drenagem Superficial
DAS-INV-2025.03011;Regular, Bom, Bom, Bom, Bom;275,852;275,852;Drenagem Superficial
DAS-INV-2025.02924;Regular, Bom, Bom, Bom, Bom;261,323;261,323;Drenagem Superficial
DAS-INV-2025.02667;Regular, Bom, Bom, Bom, Bom;218,237;218,237;Drenagem Superficial
DAS-INV-2025.02848;Regular, Bom, Bom, Bom, Bom;248,798;248,798;Drenagem Superficial
DAS-INV-2025.02994;Regular, Bom, Bom, Bom, Bom;272,846;272,846;Drenagem Superficial
DAS-INV-2025.02563;Regular, Bom, Bom, Bom, Bom;200,869;200,869;Drenagem Superficial
DAS-INV-2025.02988;Regular, Bom, Bom, Bom, Bom;272,011;272,011;Drenagem Superficial
DAS-INV-2025.02941;Regular, Bom, Bom, Bom, Bom;264,162;264,162;Drenagem Superficial
DAS-INV-2025.02828;Regular, Bom, Bom, Bom, Bom;245,458;245,458;Drenagem Superficial
DAS-INV-2025.02856;Regular, Bom, Bom, Bom, Bom;249,967;249,967;Drenagem Superficial
DAS-INV-2025.02777;Regular, Bom, Bom, Bom, Bom;236,941;236,941;Drenagem Superficial
DAS-INV-2025.02509;Regular, Bom, Bom, Bom, Bom;192,018;192,018;Drenagem Superficial
DAS-INV-2025.02918;Regular, Bom, Bom, Bom, Bom;260,655;260,655;Drenagem Superficial
DAS-INV-2025.02677;Regular, Bom, Bom, Bom, Bom;219,907;219,907;Drenagem Superficial
DAS-INV-2025.02606;Regular, Bom, Bom, Bom, Bom;208,551;208,551;Drenagem Superficial
DAS-INV-2025.02873;Regular, Bom, Bom, Bom, Bom;252,806;252,806;Drenagem Superficial
DAS-INV-2025.03025;Regular, Bom, Bom, Bom, Bom;278,023;278,023;Drenagem Superficial
DAS-INV-2025.02783;Regular, Bom, Bom, Bom, Bom;237,943;237,943;Drenagem Superficial
DAS-INV-2025.02768;Regular, Bom, Bom, Bom, Bom;235,271;235,271;Drenagem Superficial
DAS-INV-2025.03052;Regular, Bom, Bom, Bom, Bom;282,699;282,699;Drenagem Superficial
DAS-INV-2025.02770;Regular, Bom, Bom, Bom, Bom;235,939;235,939;Drenagem Superficial
DAS-INV-2025.03009;Regular, Bom, Bom, Bom, Bom;275,685;275,685;Drenagem Superficial
DAS-INV-2025.02959;Regular, Bom, Bom, Bom, Bom;267,168;267,168;Drenagem Superficial
DAS-INV-2025.02486;Regular, Bom, Bom, Bom, Bom;188,344;188,344;Drenagem Superficial
DAS-INV-2025.02514;Regular, Bom, Bom, Bom, Bom;193,02;193,02;Drenagem Superficial
DAS-INV-2025.02798;Regular, Bom, Bom, Bom, Bom;240,114;240,114;Drenagem Superficial
DAS-INV-2025.02998;Regular, Bom, Bom, Bom, Bom;273,848;273,848;Drenagem Superficial
DAS-INV-2025.02520;Regular, Bom, Bom, Bom, Bom;194,022;194,022;Drenagem Superficial
DAS-INV-2025.02889;Regular, Bom, Bom, Bom, Bom;255,478;255,478;Drenagem Superficial
DAS-INV-2025.03022;Regular, Bom, Bom, Bom, Bom;277,689;277,689;Drenagem Superficial
DAS-INV-2025.02747;Regular, Bom, Bom, Bom, Bom;231,764;231,764;Drenagem Superficial
DAS-INV-2025.02632;Regular, Bom, Bom, Bom, Bom;212,726;212,726;Drenagem Superficial
DAS-INV-2025.02835;Regular, Bom, Bom, Bom, Bom;246,627;246,627;Drenagem Superficial
DAS-INV-2025.02740;Regular, Bom, Bom, Bom, Bom;230,762;230,762;Drenagem Superficial
DAS-INV-2025.02844;Regular, Bom, Bom, Bom, Bom;243,454;243,454;Drenagem Superficial
DAS-INV-2025.02709;Regular, Bom, Bom, Bom, Bom;225,585;225,585;Drenagem Superficial
DAS-INV-2025.02815;Regular, Bom, Bom, Bom, Bom;243,287;243,287;Drenagem Superficial
DAS-INV-2025.02764;Regular, Bom, Bom, Bom, Bom;234,77;234,77;Drenagem Superficial
DAS-INV-2025.02516;Regular, Bom, Bom, Bom, Bom;193,354;193,354;Drenagem Superficial
DAS-INV-2025.02874;Regular, Bom, Bom, Bom, Bom;252,973;252,973;Drenagem Superficial
DAS-INV-2025.02461;Regular, Bom, Bom, Bom, Bom;184,336;184,336;Drenagem Superficial
DAS-INV-2025.02525;Regular, Bom, Bom, Bom, Bom;194,857;194,857;Drenagem Superficial
DAS-INV-2025.02946;Regular, Bom, Bom, Bom, Bom;265,331;265,331;Drenagem Superficial
DAS-INV-2025.02589;Regular, Bom, Bom, Bom, Bom;205,545;205,545;Drenagem Superficial
DAS-INV-2025.02838;Regular, Bom, Bom, Bom, Bom;247,128;247,128;Drenagem Superficial
DAS-INV-2025.02616;Regular, Bom, Bom, Bom, Bom;210,388;210,388;Drenagem Superficial
DAS-INV-2025.02898;Regular, Bom, Bom, Bom, Bom;257,315;257,315;Drenagem Superficial
DAS-INV-2025.02665;Regular, Bom, Bom, Bom, Bom;216,901;216,901;Drenagem Superficial
DAS-INV-2025.02906;Regular, Bom, Bom, Bom, Bom;258,484;258,484;Drenagem Superficial
DAS-INV-2025.02554;Regular, Bom, Bom, Bom, Bom;199,7;199,7;Drenagem Superficial
DAS-INV-2025.03036;Regular, Bom, Bom, Bom, Bom;279,86;279,86;Drenagem Superficial
DAS-INV-2025.02686;Regular, Bom, Bom, Bom, Bom;221,577;221,577;Drenagem Superficial
DAS-INV-2025.02833;Regular, Bom, Bom, Bom, Bom;246,293;246,293;Drenagem Superficial
DAS-INV-2025.02545;Regular, Bom, Bom, Bom, Bom;197,863;197,863;Drenagem Superficial
DAS-INV-2025.02696;Regular, Bom, Bom, Bom, Bom;223,414;223,414;Drenagem Superficial
DAS-INV-2025.02862;Regular, Bom, Bom, Bom, Bom;250,969;250,969;Drenagem Superficial
DAS-INV-2025.02704;Regular, Bom, Bom, Bom, Bom;224,583;224,583;Drenagem Superficial
DAS-INV-2025.02879;Regular, Bom, Bom, Bom, Bom;253,808;253,808;Drenagem Superficial
DAS-INV-2025.02646;Regular, Bom, Bom, Bom, Bom;215,231;215,231;Drenagem Superficial
DAS-INV-2025.03013;Regular, Bom, Bom, Bom, Bom;276,353;276,353;Drenagem Superficial
DAS-INV-2025.02561;Regular, Bom, Bom, Bom, Bom;200,702;200,702;Drenagem Superficial
DAS-INV-2025.02504;Regular, Bom, Bom, Bom, Bom;191,183;191,183;Drenagem Superficial
DAS-INV-2025.02537;Regular, Bom, Bom, Bom, Bom;196,694;196,694;Drenagem Superficial
DAS-INV-2025.02919;Regular, Bom, Bom, Bom, Bom;260,822;260,822;Drenagem Superficial
DAS-INV-2025.02505;Regular, Bom, Bom, Bom, Bom;191,35;191,35;Drenagem Superficial
DAS-INV-2025.02569;Regular, Bom, Bom, Bom, Bom;202,038;202,038;Drenagem Superficial
DAS-INV-2025.02778;Bom, Bom, Bom, Bom, Bom;237,108;237,108;Drenagem Superficial
DAS-INV-2025.02753;Bom, Bom, Bom, Bom, Bom;232,933;232,933;Drenagem Superficial
DAS-INV-2025.03021;Bom, Bom, Bom, Bom, Bom;276,52;276,52;Drenagem Superficial
DAS-INV-2025.02590;Bom, Bom, Bom, Bom, Bom;203,875;203,875;Drenagem Superficial
DAS-INV-2025.02784;Bom, Bom, Bom, Bom, Bom;238,277;238,277;Drenagem Superficial
DAS-INV-2025.02662;Bom, Bom, Bom, Bom, Bom;217,736;217,736;Drenagem Superficial
DAS-INV-2025.02765;Bom, Bom, Bom, Bom, Bom;234,937;234,937;Drenagem Superficial
DAS-INV-2025.02705;Bom, Bom, Bom, Bom, Bom;224,917;224,917;Drenagem Superficial
DAS-INV-2025.02462;Bom, Bom, Bom, Bom, Bom;184,503;184,503;Drenagem Superficial
DAS-INV-2025.02593;Bom, Bom, Bom, Bom, Bom;205,712;205,712;Drenagem Superficial
DAS-INV-2025.02817;Bom, Bom, Bom, Bom, Bom;243,621;243,621;Drenagem Superficial
DAS-INV-2025.02508;Bom, Bom, Bom, Bom, Bom;191,851;191,851;Drenagem Superficial
DAS-INV-2025.02857;Bom, Bom, Bom, Bom, Bom;250,134;250,134;Drenagem Superficial
DAS-INV-2025.03023;Bom, Bom, Bom, Bom, Bom;277,856;277,856;Drenagem Superficial
DAS-INV-2025.02953;Bom, Bom, Bom, Bom, Bom;266,166;266,166;Drenagem Superficial
DAS-INV-2025.02469;Bom, Bom, Bom, Bom, Bom;185,338;185,338;Drenagem Superficial
DAS-INV-2025.02688;Bom, Bom, Bom, Bom, Bom;222,078;222,078;Drenagem Superficial
DAS-INV-2025.02895;Bom, Bom, Bom, Bom, Bom;256,981;256,981;Drenagem Superficial
DAS-INV-2025.02529;Bom, Bom, Bom, Bom, Bom;195,358;195,358;Drenagem Superficial
DAS-INV-2025.02756;Bom, Bom, Bom, Bom, Bom;233,267;233,267;Drenagem Superficial
DAS-INV-2025.02824;Bom, Bom, Bom, Bom, Bom;244,79;244,79;Drenagem Superficial
DAS-INV-2025.02932;Bom, Bom, Bom, Bom, Bom;262,826;262,826;Drenagem Superficial
DAS-INV-2025.02939;Bom, Bom, Bom, Bom, Bom;263,661;263,661;Drenagem Superficial
DAS-INV-2025.02655;Bom, Bom, Bom, Bom, Bom;216,4;216,4;Drenagem Superficial
DAS-INV-2025.02732;Bom, Bom, Bom, Bom, Bom;229,593;229,593;Drenagem Superficial
DAS-INV-2025.02713;Bom, Bom, Bom, Bom, Bom;226,253;226,253;Drenagem Superficial
DAS-INV-2025.02598;Bom, Bom, Bom, Bom, Bom;207,048;207,048;Drenagem Superficial
DAS-INV-2025.02477;Bom, Bom, Bom, Bom, Bom;186,674;186,674;Drenagem Superficial
DAS-INV-2025.02640;Bom, Bom, Bom, Bom, Bom;213,895;213,895;Drenagem Superficial
DAS-INV-2025.02795;Bom, Bom, Bom, Bom, Bom;239,947;239,947;Drenagem Superficial
DAS-INV-2025.02611;Bom, Bom, Bom, Bom, Bom;209,219;209,219;Drenagem Superficial
DAS-INV-2025.03043;Bom, Bom, Bom, Bom, Bom;281,196;281,196;Drenagem Superficial
DAS-INV-2025.02763;Bom, Bom, Bom, Bom, Bom;234,436;234,436;Drenagem Superficial
DAS-INV-2025.02568;Bom, Bom, Bom, Bom, Bom;201,871;201,871;Drenagem Superficial
DAS-INV-2025.02743;Bom, Bom, Bom, Bom, Bom;231,096;231,096;Drenagem Superficial
DAS-INV-2025.02458;Bom, Bom, Bom, Bom, Bom;183,835;183,835;Drenagem Superficial
DAS-INV-2025.02802;Bom, Bom, Bom, Bom, Bom;240,949;240,949;Drenagem Superficial
DAS-INV-2025.02459;Bom, Bom, Bom, Bom, Bom;184,169;184,169;Drenagem Superficial
DAS-INV-2025.02808;Bom, Bom, Bom, Bom, Bom;241,951;241,951;Drenagem Superficial
DAS-INV-2025.02731;Bom, Bom, Bom, Bom, Bom;229,259;229,259;Drenagem Superficial
DAS-INV-2025.02544;Bom, Bom, Bom, Bom, Bom;198,03;198,03;Drenagem Superficial
DAS-INV-2025.02478;Bom, Bom, Bom, Bom, Bom;187,008;187,008;Drenagem Superficial
DAS-INV-2025.02930;Bom, Bom, Bom, Bom, Bom;262,325;262,325;Drenagem Superficial
DAS-INV-2025.03018;Bom, Bom, Bom, Bom, Bom;277,355;277,355;Drenagem Superficial
DAS-INV-2025.02610;Bom, Bom, Bom, Bom, Bom;208,885;208,885;Drenagem Superficial
DAS-INV-2025.02570;Bom, Bom, Bom, Bom, Bom;202,205;202,205;Drenagem Superficial
DAS-INV-2025.02683;Bom, Bom, Bom, Bom, Bom;221,076;221,076;Drenagem Superficial
DAS-INV-2025.02523;Bom, Bom, Bom, Bom, Bom;192,853;192,853;Drenagem Superficial
DAS-INV-2025.02748;Bom, Bom, Bom, Bom, Bom;231,931;231,931;Drenagem Superficial
DAS-INV-2025.02900;Bom, Bom, Bom, Bom, Bom;257,649;257,649;Drenagem Superficial
DAS-INV-2025.03040;Bom, Bom, Bom, Bom, Bom;280,695;280,695;Drenagem Superficial
DAS-INV-2025.02555;Bom, Bom, Bom, Bom, Bom;199,533;199,533;Drenagem Superficial
DAS-INV-2025.02647;Bom, Bom, Bom, Bom, Bom;215,064;215,064;Drenagem Superficial
DAS-INV-2025.02782;Bom, Bom, Bom, Bom, Bom;238,11;238,11;Drenagem Superficial
DAS-INV-2025.02917;Bom, Bom, Bom, Bom, Bom;260,488;260,488;Drenagem Superficial
DAS-INV-2025.02538;Bom, Bom, Bom, Bom, Bom;196,861;196,861;Drenagem Superficial
DAS-INV-2025.02669;Bom, Bom, Bom, Bom, Bom;218,571;218,571;Drenagem Superficial
DAS-INV-2025.02789;Bom, Bom, Bom, Bom, Bom;234,603;234,603;Drenagem Superficial
DAS-INV-2025.02668;Bom, Bom, Bom, Bom, Bom;218,738;218,738;Drenagem Superficial
DAS-INV-2025.02780;Bom, Bom, Bom, Bom, Bom;237,442;237,442;Drenagem Superficial
DAS-INV-2025.02700;Bom, Bom, Bom, Bom, Bom;223,915;223,915;Drenagem Superficial
DAS-INV-2025.03006;Bom, Bom, Bom, Bom, Bom;275,184;275,184;Drenagem Superficial
DAS-INV-2025.02483;Bom, Bom, Bom, Bom, Bom;187,843;187,843;Drenagem Superficial
DAS-INV-2025.02618;Bom, Bom, Bom, Bom, Bom;208,718;208,718;Drenagem Superficial
DAS-INV-2025.03005;Bom, Bom, Bom, Bom, Bom;275,017;275,017;Drenagem Superficial
DAS-INV-2025.02958;Bom, Bom, Bom, Bom, Bom;267,001;267,001;Drenagem Superficial
DAS-INV-2025.02687;Bom, Bom, Bom, Bom, Bom;221,744;221,744;Drenagem Superficial
DAS-INV-2025.03049;Bom, Bom, Bom, Bom, Bom;282,198;282,198;Drenagem Superficial
DAS-INV-2025.02842;Bom, Bom, Bom, Bom, Bom;247,796;247,796;Drenagem Superficial
DAS-INV-2025.02762;Bom, Bom, Bom, Bom, Bom;234,269;234,269;Drenagem Superficial
DAS-INV-2025.02912;Bom, Bom, Bom, Bom, Bom;259,653;259,653;Drenagem Superficial
DAS-INV-2025.03015;Bom, Bom, Regular, Bom, Bom;276,687;276,687;Drenagem Superficial
DAS-INV-2025.02524;Bom, Bom, Regular, Bom, Bom;194,523;194,523;Drenagem Superficial
DAS-INV-2025.02540;Bom, Bom, Regular, Bom, Bom;197,195;197,195;Drenagem Superficial
DAS-INV-2025.02592;Bom, Bom, Regular, Bom, Bom;205,879;205,879;Drenagem Superficial
DAS-INV-2025.02968;Bom, Bom, Regular, Bom, Bom;268,838;268,838;Drenagem Superficial
DAS-INV-2025.02947;Bom, Bom, Regular, Bom, Bom;265,164;265,164;Drenagem Superficial
DAS-INV-2025.02684;Bom, Bom, Regular, Bom, Bom;221,243;221,243;Drenagem Superficial
DAS-INV-2025.02600;Bom, Bom, Regular, Bom, Bom;207,382;207,382;Drenagem Superficial
DAS-INV-2025.02557;Bom, Bom, Regular, Bom, Bom;200,034;200,034;Drenagem Superficial
DAS-INV-2025.02522;Bom, Bom, Regular, Bom, Bom;194,356;194,356;Drenagem Superficial
DAS-INV-2025.02491;Regular, Bom, Regular, Bom, Bom;189,346;189,346;Drenagem Superficial
DAS-INV-2025.02651;Bom, Bom, Regular, Bom, Bom;214,897;214,897;Drenagem Superficial
DAS-INV-2025.02707;Bom, Bom, Regular, Bom, Bom;225,251;225,251;Drenagem Superficial
DAS-INV-2025.02966;Bom, Bom, Regular, Bom, Bom;268,337;268,337;Drenagem Superficial
DAS-INV-2025.02641;Bom, Bom, Regular, Bom, Bom;214,229;214,229;Drenagem Superficial
DAS-INV-2025.02624;Bom, Bom, Regular, Bom, Bom;211,39;211,39;Drenagem Superficial
DAS-INV-2025.02944;Bom, Bom, Regular, Bom, Bom;264,83;264,83;Drenagem Superficial
DAS-INV-2025.02967;Bom, Bom, Regular, Bom, Bom;268,671;268,671;Drenagem Superficial
DAS-INV-2025.02697;Bom, Bom, Regular, Bom, Ruim;223,581;223,581;Drenagem Superficial
DAS-INV-2025.03048;Bom, Bom, Regular, Bom, Regular;282,031;282,031;Drenagem Superficial
DAS-INV-2025.02886;Regular, Bom, Regular, Bom, Ruim;254,977;254,977;Drenagem Superficial
DAS-INV-2025.02823;Regular, Bom, Bom, Bom, Regular;244,456;244,456;Drenagem Superficial
DAS-INV-2025.02625;Ruim, Bom, Bom, Bom, Bom;211,557;211,557;Drenagem Superficial
DAS-INV-2025.02950;Regular, Bom, Bom, Bom, Ruim;265,665;265,665;Drenagem Superficial
DAS-INV-2025.02472;Regular, Bom, Regular, Bom, Bom;186,006;186,006;Drenagem Superficial
DAS-INV-2025.02660;Regular, Bom, Regular, Bom, Bom;217,402;217,402;Drenagem Superficial
DAS-INV-2025.02551;Bom, Bom, Regular, Bom, Ruim;199,032;199,032;Drenagem Superficial
DAS-INV-2025.02741;Bom, Bom, Regular, Bom, Bom;228,591;228,591;Drenagem Superficial
DAS-INV-2025.02799;Regular, Bom, Bom, Bom, Ruim;240,615;240,615;Drenagem Superficial
DAS-INV-2025.02473;Regular, Bom, Bom, Bom, Regular;185,839;185,839;Drenagem Superficial
DAS-INV-2025.02634;Regular, Bom, Regular, Bom, Bom;212,392;212,392;Drenagem Superficial
DAS-INV-2025.02583;Regular, Bom, Bom, Bom, Regular;204,71;204,71;Drenagem Superficial
DAS-INV-2025.03050;Bom, Bom, Bom, Bom, Ruim;282,365;282,365;Drenagem Superficial
DAS-INV-2025.02685;Bom, Bom, Bom, Bom, Regular;221,911;221,911;Drenagem Superficial
DAS-INV-2025.02977;Bom, Bom, Bom, Bom, Regular;270,174;270,174;Drenagem Superficial
DAS-INV-2025.02742;Bom, Bom, Regular, Bom, Bom;230,929;230,929;Drenagem Superficial
DAS-INV-2025.02927;Bom, Bom, Regular, Bom, Ruim;261,991;261,991;Drenagem Superficial
DAS-INV-2025.02676;Bom, Bom, Bom, Bom, Regular;220,074;220,074;Drenagem Superficial
DAS-INV-2025.02809;Bom, Bom, Regular, Bom, Bom;242,118;242,118;Drenagem Superficial
DAS-INV-2025.02818;Regular, Bom, Regular, Bom, Bom;243,788;243,788;Drenagem Superficial
DAS-INV-2025.02757;Regular, Bom, Regular, Bom, Regular;233,434;233,434;Drenagem Superficial
DAS-INV-2025.02974;Regular, Bom, Regular, Bom, Bom;269,673;269,673;Drenagem Superficial
DAS-INV-2025.02571;Regular, Bom, Bom, Bom, Ruim;202,539;202,539;Drenagem Superficial
DAS-INV-2025.03008;Regular, Bom, Bom, Bom, Ruim;275,518;275,518;Drenagem Superficial
DAS-INV-2025.02841;Regular, Bom, Bom, Bom, Regular;247,629;247,629;Drenagem Superficial
DAS-INV-2025.02790;Regular, Bom, Regular, Bom, Regular;238,945;238,945;Drenagem Superficial
DAS-INV-2025.02457;Regular, Bom, Regular, Bom, Bom;183,668;183,668;Drenagem Superficial
DAS-INV-2025.02995;Regular, Bom, Regular, Bom, Regular;273,347;273,347;Drenagem Superficial
DAS-INV-2025.02657;Regular, Bom, Bom, Bom, Ruim;216,734;216,734;Drenagem Superficial
DAS-INV-2025.03051;Regular, Bom, Bom, Bom, Ruim;282,532;282,532;Drenagem Superficial
DAS-INV-2025.02810;Regular, Bom, Regular, Bom, Bom;242,285;242,285;Drenagem Superficial
DAS-INV-2025.02487;Regular, Bom, Regular, Bom, Ruim;188,678;188,678;Drenagem Superficial
DAS-INV-2025.02579;Regular, Bom, Regular, Bom, Ruim;203,708;203,708;Drenagem Superficial
DAS-INV-2025.02850;Regular, Bom, Regular, Bom, Bom;249,132;249,132;Drenagem Superficial
DAS-INV-2025.02897;Regular, Bom, Regular, Bom, Bom;257,482;257,482;Drenagem Superficial
DAS-INV-2025.02899;Regular, Bom, Regular, Bom, Ruim;256,313;256,313;Drenagem Superficial
DAS-INV-2025.02506;Regular, Bom, Regular, Bom, Ruim;191,517;191,517;Drenagem Superficial
DAS-INV-2025.02494;Regular, Bom, Regular, Bom, Regular;189,68;189,68;Drenagem Superficial
DAS-INV-2025.02567;Regular, Bom, Regular, Bom, Bom;201,704;201,704;Drenagem Superficial
DAS-INV-2025.02983;Regular, Bom, Regular, Bom, Bom;271,343;271,343;Drenagem Superficial
DAS-INV-2025.02836;Regular, Bom, Regular, Bom, Ruim;246,794;246,794;Drenagem Superficial
DAS-INV-2025.02607;Regular, Bom, Regular, Bom, Bom;208,384;208,384;Drenagem Superficial
DAS-INV-2025.02602;Regular, Bom, Ruim, Bom, Regular;207,883;207,883;Drenagem Superficial
DAS-INV-2025.02914;Regular, Bom, Regular, Bom, Bom;259,987;259,987;Drenagem Superficial
DAS-INV-2025.02736;Regular, Bom, Regular, Bom, Regular;229,927;229,927;Drenagem Superficial
DAS-INV-2025.02896;Regular, Bom, Ruim, Bom, Regular;257,148;257,148;Drenagem Superficial
DAS-INV-2025.02553;Regular, Bom, Regular, Bom, Bom;199,199;199,199;Drenagem Superficial
DAS-INV-2025.02588;Regular, Bom, Regular, Bom, Regular;205,378;205,378;Drenagem Superficial
DAS-INV-2025.02558;Regular, Bom, Regular, Bom, Bom;200,368;200,368;Drenagem Superficial
DAS-INV-2025.02661;Regular, Bom, Bom, Bom, Regular;217,569;217,569;Drenagem Superficial
DAS-INV-2025.02673;Regular, Bom, Bom, Bom, Ruim;219,406;219,406;Drenagem Superficial
DAS-INV-2025.02533;Regular, Bom, Regular, Bom, Regular;196,026;196,026;Drenagem Superficial
DAS-INV-2025.02928;Regular, Bom, Regular, Bom, Ruim;262,158;262,158;Drenagem Superficial
DAS-INV-2025.02710;Regular, Bom, Regular, Bom, Ruim;225,418;225,418;Drenagem Superficial
DAS-INV-2025.02726;Regular, Regular, Bom, Bom, Ruim;228,424;228,424;Drenagem Superficial
DAS-INV-2025.02999;Regular, Regular, Bom, Bom, Bom;274,015;274,015;Drenagem Superficial
DAS-INV-2025.02679;Regular, Regular, Ruim, Bom, Regular;220,408;220,408;Drenagem Superficial
DAS-INV-2025.02826;Regular, Bom, Regular, Bom, Bom;245,124;245,124;Drenagem Superficial
DAS-INV-2025.02722;Regular, Regular, Regular, Bom, Regular;227,589;227,589;Drenagem Superficial
DAS-INV-2025.03033;Regular, Regular, Bom, Bom, Bom;279,693;279,693;Drenagem Superficial
DAS-INV-2025.02620;Regular, Bom, Bom, Bom, Ruim;210,722;210,722;Drenagem Superficial
DAS-INV-2025.02549;Regular, Bom, Regular, Bom, Regular;198,865;198,865;Drenagem Superficial
DAS-INV-2025.02497;Regular, Ruim, Bom, Bom, Bom;190,014;190,014;Drenagem Superficial
DAS-INV-2025.02703;Regular, Bom, Regular, Bom, Regular;224,416;224,416;Drenagem Superficial
DAS-INV-2025.02649;Regular, Bom, Regular, Bom, Regular;215,565;215,565;Drenagem Superficial
DAS-INV-2025.02566;Regular, Regular, Regular, Bom, Bom;201,537;201,537;Drenagem Superficial
DAS-INV-2025.03042;Ruim, Bom, Regular, Bom, Bom;280,862;280,862;Drenagem Superficial
DAS-INV-2025.02870;Bom, Bom, Regular, Bom, Bom;252,138;252,138;Drenagem Superficial
DAS-INV-2025.02888;Regular, Bom, Regular, Bom, Regular;255,144;255,144;Drenagem Superficial
DAS-INV-2025.03027;Ruim, Bom, Regular, Bom, Regular;278,524;278,524;Drenagem Superficial
DAS-INV-2025.02792;Ruim, Bom, Regular, Bom, Regular;239,446;239,446;Drenagem Superficial
DAS-INV-2025.02938;Bom, Bom, Bom, Bom, Regular;263,995;263,995;Drenagem Superficial
DAS-INV-2025.02935;Regular, Bom, Regular, Bom, Bom;263,16;263,16;Drenagem Superficial
DAS-INV-2025.02760;Ruim, Regular, Bom, Bom, Regular;233,935;233,935;Drenagem Superficial
DAS-INV-2025.02773;Ruim, Regular, Ruim, Bom, Ruim;236,273;236,273;Drenagem Superficial
DAS-INV-2025.02721;Bom, Regular, Regular, Bom, Regular;226,754;226,754;Drenagem Superficial
DAS-INV-2025.02781;Bom, Regular, Regular, Bom, Bom;237,776;237,776;Drenagem Superficial
DAS-INV-2025.02532;Ruim, Bom, Regular, Bom, Regular;195,859;195,859;Drenagem Superficial
DAS-INV-2025.02986;Ruim, Bom, Regular, Bom, Bom;271,51;271,51;Drenagem Superficial
DAS-INV-2025.02621;Regular, Regular, Bom, Bom, Ruim;210,889;210,889;Drenagem Superficial
DAS-INV-2025.02786;Ruim, Regular, Bom, Bom, Bom;238,611;238,611;Drenagem Superficial
DAS-INV-2025.02929;Regular, Regular, Regular, Bom, Bom;262,492;262,492;Drenagem Superficial
DAS-INV-2025.02556;Bom, Bom, Regular, Bom, Bom;199,867;199,867;Drenagem Superficial
DAS-INV-2025.02745;Ruim, Bom, Bom, Bom, Bom;231,43;231,43;Drenagem Superficial
DAS-INV-2025.02630;Ruim, Regular, Bom, Bom, Regular;212,225;212,225;Drenagem Superficial
DAS-INV-2025.02479;Ruim, Bom, Bom, Bom, Bom;186,841;186,841;Drenagem Superficial
DAS-INV-2025.02562;Ruim, Bom, Bom, Bom, Bom;201,036;201,036;Drenagem Superficial
DAS-INV-2025.02993;Bom, Regular, Bom, Bom, Bom;273,013;273,013;Drenagem Superficial
DAS-INV-2025.02643;Ruim, Bom, Bom, Bom, Bom;214,396;214,396;Drenagem Superficial
DAS-INV-2025.02597;Ruim, Bom, Bom, Bom, Bom;206,714;206,714;Drenagem Superficial
DAS-INV-2025.02962;Ruim, Bom, Ruim, Bom, Bom;267,669;267,669;Drenagem Superficial
DAS-INV-2025.02843;Ruim, Bom, Bom, Bom, Bom;247,963;247,963;Drenagem Superficial
DAS-INV-2025.02577;Bom, Bom, Bom, Bom, Regular;203,374;203,374;Drenagem Superficial
DAS-INV-2025.02737;Bom, Bom, Regular, Bom, Regular;230,261;230,261;Drenagem Superficial
DAS-INV-2025.02982;Regular, Bom, Regular, Bom, Regular;271,009;271,009;Drenagem Superficial
DAS-INV-2025.02650;Bom, Bom, Bom, Bom, Regular;215,732;215,732;Drenagem Superficial
DAS-INV-2025.02695;Regular, Regular, Bom, Bom, Ruim;223,247;223,247;Drenagem Superficial
DAS-INV-2025.02559;Bom, Ruim, Regular, Bom, Bom;200,535;200,535;Drenagem Superficial
DAS-INV-2025.02891;Bom, Regular, Bom, Bom, Bom;255,979;255,979;Drenagem Superficial
DAS-INV-2025.02501;Bom, Regular, Ruim, Bom, Bom;190,682;190,682;Drenagem Superficial
DAS-INV-2025.02708;Bom, Bom, Ruim, Regular, Regular;225,084;225,084;Drenagem Superficial
DAS-INV-2025.02831;Bom, Bom, Bom, Regular, Bom;245,959;245,959;Drenagem Superficial
DAS-INV-2025.02948;Bom, Bom, Bom, Regular, Ruim;265,498;265,498;Drenagem Superficial
DAS-INV-2025.02499;Regular, Bom, Bom, Regular, Bom;190,348;190,348;Drenagem Superficial
DAS-INV-2025.02805;Ruim, Bom, Bom, Regular, Regular;241,45;241,45;Drenagem Superficial
DAS-INV-2025.02819;Ruim, Regular, Bom, Bom, Bom;243,955;243,955;Drenagem Superficial
DAS-INV-2025.02785;Ruim, Bom, Regular, Bom, Regular;238,444;238,444;Drenagem Superficial
DAS-INV-2025.03038;Bom, Ruim, Regular, Bom, Bom;280,528;280,528;Drenagem Superficial
DAS-INV-2025.02515;Ruim, Regular, Bom, Bom, Bom;193,187;193,187;Drenagem Superficial
DAS-INV-2025.02791;Ruim, Bom, Regular, Bom, Bom;239,112;239,112;Drenagem Superficial
DAS-INV-2025.03044;Ruim, Bom, Bom, Bom, Regular;281,363;281,363;Drenagem Superficial
DAS-INV-2025.02609;Regular, Regular, Bom, Bom, Bom;209,052;209,052;Drenagem Superficial
DAS-INV-2025.02922;Bom, Regular, Bom, Regular, Bom;261,156;261,156;Drenagem Superficial
DAS-INV-2025.02637;Ruim, Bom, Regular, Bom, Regular;213,394;213,394;Drenagem Superficial
DAS-INV-2025.02975;Ruim, Regular, Bom, Ruim, Regular;269,84;269,84;Drenagem Superficial
DAS-INV-2025.02725;Bom, Bom, Bom, Regular, Regular;228,09;228,09;Drenagem Superficial
DAS-INV-2025.02909;Bom, Regular, Regular, Ruim, Bom;258,985;258,985;Drenagem Superficial
DAS-INV-2025.02821;Regular, Bom, Regular, Regular, Ruim;244,289;244,289;Drenagem Superficial
DAS-INV-2025.02766;Ruim, Bom, Regular, Bom, Regular;235,104;235,104;Drenagem Superficial
DAS-INV-2025.02603;Regular, Regular, Regular, Bom, Regular;207,716;207,716;Drenagem Superficial
DAS-INV-2025.02490;Bom, Bom, Ruim, Bom, Bom;189,012;189,012;Drenagem Superficial
DAS-INV-2025.02846;Ruim, Bom, Bom, Bom, Bom;248,464;248,464;Drenagem Superficial
DAS-INV-2025.02638;Bom, Bom, Bom, Regular, Regular;213,561;213,561;Drenagem Superficial
DAS-INV-2025.02470;Bom, Bom, Regular, Bom, Bom;185,505;185,505;Drenagem Superficial
DAS-INV-2025.02735;Regular, Bom, Bom, Regular, Bom;230,094;230,094;Drenagem Superficial
DAS-INV-2025.02718;Ruim, Bom, Bom, Regular, Ruim;227,255;227,255;Drenagem Superficial
DAS-INV-2025.02717;Ruim, Regular, Regular, Bom, Bom;226,921;226,921;Drenagem Superficial
DAS-INV-2025.02954;Regular, Bom, Regular, Regular, Bom;266,333;266,333;Drenagem Superficial
DAS-INV-2025.02976;Ruim, Regular, Regular, Regular, Ruim;270,007;270,007;Drenagem Superficial
DAS-INV-2025.02460;Ruim, Bom, Bom, Ruim, Bom;184,002;184,002;Drenagem Superficial
DAS-INV-2025.02940;Regular, Regular, Regular, Bom, Bom;263,828;263,828;Drenagem Superficial
DAS-INV-2025.02859;Ruim, Bom, Bom, Bom, Bom;250,301;250,301;Drenagem Superficial
DAS-INV-2025.02761;Bom, Bom, Bom, Ruim, Bom;234,102;234,102;Drenagem Superficial
DAS-INV-2025.02463;Regular, Regular, Bom, Bom, Ruim;184,67;184,67;Drenagem Superficial
DAS-INV-2025.02750;Ruim, Bom, Bom, Bom, Regular;232,432;232,432;Drenagem Superficial
DAS-INV-2025.02811;Ruim, Bom, Regular, Regular, Bom;242,452;242,452;Drenagem Superficial
DAS-INV-2025.02480;Regular, Regular, Bom, Bom, Bom;187,175;187,175;Drenagem Superficial
DAS-INV-2025.02628;Ruim, Regular, Bom, Regular, Bom;211,724;211,724;Drenagem Superficial
DAS-INV-2025.02907;Ruim, Regular, Bom, Bom, Regular;258,651;258,651;Drenagem Superficial
DAS-INV-2025.02827;Ruim, Regular, Bom, Bom, Ruim;245,291;245,291;Drenagem Superficial
DAS-INV-2025.02543;Bom, Bom, Bom, Ruim, Regular;197,696;197,696;Drenagem Superficial
DAS-INV-2025.02990;Bom, Regular, Bom, Bom, Regular;272,345;272,345;Drenagem Superficial
DAS-INV-2025.02712;Ruim, Regular, Bom, Regular, Bom;225,752;225,752;Drenagem Superficial
DAS-INV-2025.02779;Regular, Regular, Bom, Bom, Bom;237,275;237,275;Drenagem Superficial
DAS-INV-2025.02652;Bom, Regular, Ruim, Ruim, Ruim;215,899;215,899;Drenagem Superficial
DAS-INV-2025.02832;Regular, Bom, Bom, Bom, Regular;246,126;246,126;Drenagem Superficial
DAS-INV-2025.02519;Bom, Bom, Bom, Ruim, Bom;193,855;193,855;Drenagem Superficial
DAS-INV-2025.02804;Ruim, Regular, Bom, Regular, Ruim;241,283;241,283;Drenagem Superficial
DAS-INV-2025.03037;Regular, Bom, Regular, Regular, Ruim;280,361;280,361;Drenagem Superficial
DAS-INV-2025.02855;Ruim, Bom, Bom, Bom, Ruim;249,8;249,8;Drenagem Superficial
DAS-INV-2025.02868;Ruim, Bom, Regular, Ruim, Bom;251,971;251,971;Drenagem Superficial
DAS-INV-2025.02585;Regular, Bom, Regular, Ruim, Bom;205,044;205,044;Drenagem Superficial
DAS-INV-2025.02720;Regular, Regular, Regular, Bom, Regular;227,422;227,422;Drenagem Superficial
DAS-INV-2025.02572;Ruim, Bom, Regular, Bom, Regular;202,372;202,372;Drenagem Superficial
DAS-INV-2025.02865;Ruim, Ruim, Regular, Bom, Bom;251,136;251,136;Drenagem Superficial
DAS-INV-2025.02861;Ruim, Bom, Bom, Regular, Bom;250,802;250,802;Drenagem Superficial
DAS-INV-2025.02471;Bom, Regular, Bom, Bom, Regular;185,672;185,672;Drenagem Superficial
DAS-INV-2025.02495;Ruim, Bom, Regular, Regular, Bom;187,509;187,509;Drenagem Superficial
DAS-INV-2025.02489;Bom, Bom, Bom, Ruim, Bom;188,845;188,845;Drenagem Superficial
DAS-INV-2025.02666;Ruim, Regular, Bom, Bom, Bom;218,404;218,404;Drenagem Superficial
DAS-INV-2025.02711;Ruim, Bom, Regular, Regular, Bom;225,919;225,919;Drenagem Superficial
DAS-INV-2025.02937;Ruim, Bom, Regular, Bom, Regular;263,494;263,494;Drenagem Superficial
DAS-INV-2025.02580;Regular, Bom, Regular, Bom, Bom;204,209;204,209;Drenagem Superficial
DAS-INV-2025.02793;Ruim, Regular, Bom, Bom, Regular;239,279;239,279;Drenagem Superficial
DAS-INV-2025.02834;Ruim, Bom, Regular, Bom, Bom;246,46;246,46;Drenagem Superficial
DAS-INV-2025.02701;Ruim, Bom, Ruim, Regular, Bom;224,082;224,082;Drenagem Superficial
DAS-INV-2025.02500;Ruim, Bom, Bom, Bom, Bom;190,515;190,515;Drenagem Superficial
DAS-INV-2025.02526;Regular, Bom, Regular, Bom, Regular;194,69;194,69;Drenagem Superficial
DAS-INV-2025.02513;Bom, Bom, Regular, Regular, Bom;192,686;192,686;Drenagem Superficial
DAS-INV-2025.02955;Regular, Bom, Bom, Bom, Regular;266,5;266,5;Drenagem Superficial
DAS-INV-2025.02923;Bom, Regular, Regular, Regular, Bom;259,152;259,152;Drenagem Superficial
DAS-INV-2025.02518;Ruim, Bom, Ruim, Bom, Bom;193,521;193,521;Drenagem Superficial
DAS-INV-2025.02949;Bom, Bom, Regular, Bom, Bom;265,832;265,832;Drenagem Superficial
DAS-INV-2025.02645;Ruim, Regular, Bom, Bom, Bom;214,73;214,73;Drenagem Superficial
DAS-INV-2025.02608;Ruim, Ruim, Bom, Regular, Bom;206,881;206,881;Drenagem Superficial
DAS-INV-2025.02633;Bom, Bom, Bom, Bom, Regular;212,893;212,893;Drenagem Superficial
DAS-INV-2025.02992;Ruim, Bom, Regular, Bom, Bom;272,512;272,512;Drenagem Superficial
DAS-INV-2025.02936;Ruim, Bom, Regular, Ruim, Regular;263,327;263,327;Drenagem Superficial
DAS-INV-2025.02816;Ruim, Bom, Regular, Bom, Ruim;243,12;243,12;Drenagem Superficial
DAS-INV-2025.02880;Ruim, Bom, Regular, Bom, Regular;253,975;253,975;Drenagem Superficial
DAS-INV-2025.02573;Regular, Regular, Bom, Bom, Regular;202,706;202,706;Drenagem Superficial
DAS-INV-2025.02744;Bom, Bom, Regular, Bom, Ruim;231,263;231,263;Drenagem Superficial
DAS-INV-2025.02627;Bom, Regular, Regular, Bom, Bom;211,891;211,891;Drenagem Superficial
DAS-INV-2025.02989;Ruim, Bom, Bom, Regular, Bom;272,178;272,178;Drenagem Superficial
DAS-INV-2025.02867;Ruim, Bom, Regular, Ruim, Ruim;251,804;251,804;Drenagem Superficial
DAS-INV-2025.02920;Bom, Bom, Regular, Bom, Regular;260,989;260,989;Drenagem Superficial
DAS-INV-2025.02787;Ruim, Regular, Bom, Bom, Bom;237,609;237,609;Drenagem Superficial
DAS-INV-2025.02963;Bom, Regular, Bom, Ruim, Bom;267,836;267,836;Drenagem Superficial
DAS-INV-2025.02965;Regular, Bom, Regular, Ruim, Ruim;268,17;268,17;Drenagem Superficial
DAS-INV-2025.02484;Ruim, Bom, Regular, Regular, Bom;188,01;188,01;Drenagem Superficial
DAS-INV-2025.02659;Ruim, Bom, Regular, Regular, Bom;217,068;217,068;Drenagem Superficial
DAS-INV-2025.02690;Regular, Regular, Regular, Bom, Bom;222,412;222,412;Drenagem Superficial
DAS-INV-2025.02692;Ruim, Bom, Bom, Ruim, Bom;222,746;222,746;Drenagem Superficial
DAS-INV-2025.02851;Ruim, Bom, Bom, Bom, Bom;249,299;249,299;Drenagem Superficial
DAS-INV-2025.02738;Bom, Regular, Regular, Regular, Ruim;230,595;230,595;Drenagem Superficial
DAS-INV-2025.03020;Ruim, Regular, Bom, Regular, Bom;277,522;277,522;Drenagem Superficial
DAS-INV-2025.02952;Ruim, Regular, Regular, Bom, Ruim;264,496;264,496;Drenagem Superficial
DAS-INV-2025.02913;Bom, Regular, Bom, Bom, Bom;259,82;259,82;Drenagem Superficial
DAS-INV-2025.03035;Regular, Regular, Regular, Bom, Regular;280,027;280,027;Drenagem Superficial
DAS-INV-2025.02663;Ruim, Regular, Bom, Bom, Ruim;217,903;217,903;Drenagem Superficial
DAS-INV-2025.02539;Ruim, Regular, Bom, Bom, Bom;197,028;197,028;Drenagem Superficial
DAS-INV-2025.02672;Bom, Regular, Bom, Bom, Regular;219,239;219,239;Drenagem Superficial
DAS-INV-2025.02876;Ruim, Bom, Bom, Bom, Bom;253,307;253,307;Drenagem Superficial
DAS-INV-2025.02916;Bom, Bom, Regular, Regular, Regular;260,321;260,321;Drenagem Superficial
DAS-INV-2025.02730;Ruim, Bom, Regular, Bom, Regular;229,426;229,426;Drenagem Superficial
DAS-INV-2025.02604;Ruim, Bom, Bom, Bom, Bom;208,05;208,05;Drenagem Superficial
DAS-INV-2025.02565;Regular, Regular, Bom, Bom, Bom;201,37;201,37;Drenagem Superficial
DAS-INV-2025.03004;Ruim, Regular, Bom, Regular, Bom;274,85;274,85;Drenagem Superficial
DAS-INV-2025.02837;Regular, Bom, Regular, Regular, Regular;246,961;246,961;Drenagem Superficial
DAS-INV-2025.02714;Regular, Regular, Bom, Bom, Bom;226,086;226,086;Drenagem Superficial
DAS-INV-2025.03010;Ruim, Regular, Bom, Ruim, Bom;276,019;276,019;Drenagem Superficial
DAS-INV-2025.02642;Ruim, Regular, Regular, Bom, Bom;214,062;214,062;Drenagem Superficial
DAS-INV-2025.02492;Bom, Regular, Bom, Ruim, Bom;189,179;189,179;Drenagem Superficial
DAS-INV-2025.02517;Regular, Regular, Regular, Bom, Regular;193,688;193,688;Drenagem Superficial
DAS-INV-2025.02926;Ruim, Bom, Regular, Bom, Bom;261,824;261,824;Drenagem Superficial
DAS-INV-2025.02980;Ruim, Regular, Regular, Bom, Bom;270,508;270,508;Drenagem Superficial
DAS-INV-2025.02546;Regular, Bom, Regular, Regular, Ruim;198,197;198,197;Drenagem Superficial
DAS-INV-2025.02674;Ruim, Bom, Bom, Regular, Regular;219,573;219,573;Drenagem Superficial
DAS-INV-2025.02840;Ruim, Regular, Regular, Bom, Regular;247,462;247,462;Drenagem Superficial
DAS-INV-2025.02910;Ruim, Regular, Bom, Bom, Bom;259,486;259,486;Drenagem Superficial
DAS-INV-2025.02716;Ruim, Bom, Bom, Regular, Regular;226,587;226,587;Drenagem Superficial
DAS-INV-2025.02715;Bom, Bom, Regular, Bom, Regular;226,42;226,42;Drenagem Superficial
DAS-INV-2025.03000;Ruim, Regular, Bom, Bom, Bom;274,182;274,182;Drenagem Superficial
DAS-INV-2025.02612;Ruim, Regular, Bom, Regular, Bom;209,386;209,386;Drenagem Superficial
DAS-INV-2025.02511;Ruim, Regular, Regular, Bom, Bom;192,185;192,185;Drenagem Superficial
DAS-INV-2025.02849;Ruim, Regular, Bom, Bom, Regular;248,631;248,631;Drenagem Superficial
DAS-INV-2025.02979;Ruim, Regular, Regular, Bom, Regular;270,675;270,675;Drenagem Superficial
DAS-INV-2025.02759;Ruim, Bom, Regular, Bom, Regular;233,768;233,768;Drenagem Superficial
DAS-INV-2025.02829;Bom, Regular, Regular, Ruim, Ruim;245,625;245,625;Drenagem Superficial
DAS-INV-2025.02751;Bom, Bom, Regular, Ruim, Regular;232,098;232,098;Drenagem Superficial
DAS-INV-2025.02586;Ruim, Bom, Bom, Bom, Regular;205,211;205,211;Drenagem Superficial
DAS-INV-2025.02908;Regular, Bom, Bom, Ruim, Bom;258,818;258,818;Drenagem Superficial
DAS-INV-2025.02502;Bom, Regular, Bom, Regular, Regular;190,849;190,849;Drenagem Superficial
DAS-INV-2025.02972;Regular, Bom, Regular, Ruim, Regular;269,339;269,339;Drenagem Superficial
DAS-INV-2025.02512;Ruim, Bom, Bom, Regular, Bom;192,519;192,519;Drenagem Superficial
DAS-INV-2025.02956;Regular, Regular, Regular, Regular, Bom;266,667;266,667;Drenagem Superficial
DAS-INV-2025.02587;Regular, Bom, Regular, Bom, Regular;204,042;204,042;Drenagem Superficial
DAS-INV-2025.02527;Bom, Regular, Regular, Ruim, Bom;195,191;195,191;Drenagem Superficial
DAS-INV-2025.02794;Regular, Regular, Bom, Ruim, Bom;239,613;239,613;Drenagem Superficial
DAS-INV-2025.02541;Regular, Bom, Regular, Ruim, Ruim;197,362;197,362;Drenagem Superficial
DAS-INV-2025.02800;Regular, Bom, Ruim, Bom, Regular;240,448;240,448;Drenagem Superficial
DAS-INV-2025.02591;Regular, Regular, Bom, Bom, Ruim;206,046;206,046;Drenagem Superficial
DAS-INV-2025.02904;Bom, Regular, Regular, Ruim, Bom;258,15;258,15;Drenagem Superficial
DAS-INV-2025.02622;Regular, Regular, Ruim, Ruim, Bom;211,056;211,056;Drenagem Superficial
DAS-INV-2025.02960;Bom, Bom, Ruim, Bom, Regular;267,335;267,335;Drenagem Superficial
DAS-INV-2025.02933;Bom, Regular, Regular, Regular, Bom;262,659;262,659;Drenagem Superficial
DAS-INV-2025.02934;Bom, Regular, Bom, Bom, Bom;262,993;262,993;Drenagem Superficial
DAS-INV-2025.02605;Bom, Regular, Regular, Regular, Bom;208,217;208,217;Drenagem Superficial
DAS-INV-2025.02945;Bom, Regular, Regular, Bom, Regular;264,997;264,997;Drenagem Superficial
DAS-INV-2025.02481;Bom, Bom, Regular, Bom, Regular;187,342;187,342;Drenagem Superficial
DAS-INV-2025.02671;Bom, Regular, Regular, Bom, Regular;219,072;219,072;Drenagem Superficial
DAS-INV-2025.02825;Bom, Bom, Regular, Bom, Regular;244,957;244,957;Drenagem Superficial
DAS-INV-2025.02466;Bom, Bom, Regular, Bom, Bom;185,171;185,171;Drenagem Superficial
DAS-INV-2025.02864;Bom, Bom, Regular, Regular, Bom;251,47;251,47;Drenagem Superficial
DAS-INV-2025.02871;Regular, Regular, Regular, Regular, Bom;252,472;252,472;Drenagem Superficial
DAS-INV-2025.02806;Bom, Regular, Bom, Bom, Bom;241,617;241,617;Drenagem Superficial
DAS-INV-2025.02788;Bom, Regular, Bom, Bom, Regular;238,778;238,778;Drenagem Superficial
DAS-INV-2025.02854;Bom, Regular, Regular, Bom, Bom;249,466;249,466;Drenagem Superficial
DAS-INV-2025.02547;Bom, Bom, Regular, Bom, Bom;198,364;198,364;Drenagem Superficial
DAS-INV-2025.02881;Regular, Regular, Bom, Regular, Regular;254,142;254,142;Drenagem Superficial
DAS-INV-2025.02675;Bom, Regular, Bom, Bom, Regular;219,74;219,74;Drenagem Superficial
DAS-INV-2025.02475;Regular, Bom, Regular, Bom, Regular;186,34;186,34;Drenagem Superficial
DAS-INV-2025.02803;Bom, Bom, Bom, Bom, Regular;241,116;241,116;Drenagem Superficial
DAS-INV-2025.02694;Bom, Regular, Bom, Bom, Regular;223,08;223,08;Drenagem Superficial
DAS-INV-2025.02991;Bom, Regular, Ruim, Ruim, Bom;272,679;272,679;Drenagem Superficial
DAS-INV-2025.02691;Bom, Regular, Ruim, Ruim, Bom;222,579;222,579;Drenagem Superficial
DAS-INV-2025.02869;Bom, Bom, Regular, Regular, Bom;252,305;252,305;Drenagem Superficial
DAS-INV-2025.02693;Regular, Regular, Bom, Regular, Bom;222,913;222,913;Drenagem Superficial
DAS-INV-2025.03045;Regular, Regular, Bom, Bom, Bom;281,53;281,53;Drenagem Superficial
DAS-INV-2025.02877;Bom, Bom, Regular, Bom, Regular;253,474;253,474;Drenagem Superficial
DAS-INV-2025.02635;Bom, Regular, Regular, Bom, Regular;213,227;213,227;Drenagem Superficial
DAS-INV-2025.02719;Bom, Bom, Regular, Ruim, Regular;227,088;227,088;Drenagem Superficial
DAS-INV-2025.03019;Regular, Bom, Bom, Ruim, Bom;277,188;277,188;Drenagem Superficial
DAS-INV-2025.02894;Ruim, Bom, Regular, Bom, Regular;256,814;256,814;Drenagem Superficial
DAS-INV-2025.02957;Bom, Regular, Bom, Bom, Ruim;266,834;266,834;Drenagem Superficial
DAS-INV-2025.02724;Ruim, Regular, Bom, Ruim, Bom;228,257;228,257;Drenagem Superficial
DAS-INV-2025.02601;Regular, Bom, Regular, Bom, Bom;207,549;207,549;Drenagem Superficial
DAS-INV-2025.02875;Ruim, Regular, Regular, Bom, Bom;253,14;253,14;Drenagem Superficial
DAS-INV-2025.03016;Ruim, Regular, Regular, Bom, Bom;276,854;276,854;Drenagem Superficial
DAS-INV-2025.02498;Ruim, Bom, Bom, Regular, Bom;189,847;189,847;Drenagem Superficial
DAS-INV-2025.02863;Bom, Regular, Bom, Bom, Regular;251,303;251,303;Drenagem Superficial
DAS-INV-2025.02698;Ruim, Regular, Bom, Bom, Bom;223,748;223,748;Drenagem Superficial
DAS-INV-2025.03039;Ruim, Regular, Bom, Bom, Regular;280,194;280,194;Drenagem Superficial
DAS-INV-2025.02503;Ruim, Bom, Bom, Ruim, Regular;191,016;191,016;Drenagem Superficial
DAS-INV-2025.02739;Bom, Regular, Regular, Ruim, Bom;230,428;230,428;Drenagem Superficial
DAS-INV-2025.02615;Ruim, Regular, Regular, Bom, Bom;209,887;209,887;Drenagem Superficial
DAS-INV-2025.03029;Bom, Regular, Regular, Bom, Bom;278,858;278,858;Drenagem Superficial
DAS-INV-2025.03014;Regular, Regular, Bom, Regular, Bom;274,683;274,683;Drenagem Superficial
DAS-INV-2025.02496;Bom, Regular, Regular, Bom, Bom;190,181;190,181;Drenagem Superficial
DAS-INV-2025.02582;Ruim, Regular, Regular, Bom, Regular;204,543;204,543;Drenagem Superficial
DAS-INV-2025.03012;Ruim, Regular, Bom, Bom, Bom;276,186;276,186;Drenagem Superficial
DAS-INV-2025.03034;Bom, Regular, Regular, Bom, Regular;279,526;279,526;Drenagem Superficial
DAS-INV-2025.02636;Regular, Bom, Ruim, Bom, Bom;213,06;213,06;Drenagem Superficial
DAS-INV-2025.02619;Ruim, Regular, Regular, Regular, Bom;210,555;210,555;Drenagem Superficial
DAS-INV-2025.02534;Ruim, Bom, Bom, Bom, Bom;196,193;196,193;Drenagem Superficial
DAS-INV-2025.02931;Regular, Bom, Regular, Regular, Bom;261,657;261,657;Drenagem Superficial
DAS-INV-2025.03047;Ruim, Bom, Bom, Ruim, Bom;281,864;281,864;Drenagem Superficial
DAS-INV-2025.02564;Ruim, Regular, Bom, Ruim, Ruim;201,203;201,203;Drenagem Superficial
DAS-INV-2025.02613;Ruim, Regular, Regular, Bom, Bom;209,553;209,553;Drenagem Superficial
DAS-INV-2025.02884;Ruim, Bom, Bom, Bom, Bom;254,643;254,643;Drenagem Superficial
DAS-INV-2025.02970;Regular, Regular, Bom, Regular, Bom;269,005;269,005;Drenagem Superficial
DAS-INV-2025.02771;Ruim, Bom, Regular, Regular, Regular;235,772;235,772;Drenagem Superficial
DAS-INV-2025.03028;Ruim, Regular, Regular, Bom, Bom;278,691;278,691;Drenagem Superficial
DAS-INV-2025.02623;Regular, Regular, Bom, Bom, Bom;211,223;211,223;Drenagem Superficial
DAS-INV-2025.02866;Ruim, Bom, Regular, Ruim, Regular;251,637;251,637;Drenagem Superficial
DAS-INV-2025.02656;Ruim, Regular, Regular, Regular, Bom;216,567;216,567;Drenagem Superficial
DAS-INV-2025.02776;Ruim, Regular, Regular, Ruim, Bom;236,774;236,774;Drenagem Superficial
DAS-INV-2025.02733;Ruim, Regular, Regular, Regular, Bom;229,76;229,76;Drenagem Superficial
DAS-INV-2025.02812;Ruim, Bom, Regular, Regular, Bom;242,619;242,619;Drenagem Superficial
DAS-INV-2025.02530;Ruim, Bom, Ruim, Ruim, Bom;195,525;195,525;Drenagem Superficial
DAS-INV-2025.03026;Ruim, Regular, Bom, Bom, Bom;278,357;278,357;Drenagem Superficial
DAS-INV-2025.02858;Ruim, Regular, Bom, Ruim, Bom;250,635;250,635;Drenagem Superficial
DAS-INV-2025.02839;Ruim, Regular, Bom, Bom, Ruim;247,295;247,295;Drenagem Superficial
DAS-INV-2025.02658;Ruim, Bom, Regular, Bom, Ruim;217,235;217,235;Drenagem Superficial
DAS-INV-2025.02801;Ruim, Bom, Bom, Regular, Bom;240,782;240,782;Drenagem Superficial
DAS-INV-2025.02734;Ruim, Regular, Regular, Bom, Bom;227,923;227,923;Drenagem Superficial
DAS-INV-2025.02820;Ruim, Bom, Regular, Regular, Ruim;244,122;244,122;Drenagem Superficial
DAS-INV-2025.02560;Bom, Bom, Bom, Bom, Regular;200,201;200,201;Drenagem Superficial
DAS-INV-2025.02853;Bom, Bom, Regular, Regular, Bom;249,633;249,633;Drenagem Superficial
DAS-INV-2025.02813;Regular, Regular, Bom, Bom, Bom;242,953;242,953;Drenagem Superficial
DAS-INV-2025.02772;Ruim, Regular, Regular, Regular, Bom;236,106;236,106;Drenagem Superficial
DAS-INV-2025.02969;Bom, Regular, Ruim, Bom, Bom;268,504;268,504;Drenagem Superficial
DAS-INV-2025.02775;Ruim, Bom, Bom, Bom, Bom;236,607;236,607;Drenagem Superficial
DAS-INV-2025.02847;Regular, Bom, Regular, Bom, Bom;248,297;248,297;Drenagem Superficial
DAS-INV-2025.02653;Ruim, Regular, Bom, Bom, Regular;216,233;216,233;Drenagem Superficial
DAS-INV-2025.02631;Bom, Bom, Regular, Ruim, Bom;212,559;212,559;Drenagem Superficial
DAS-INV-2025.02574;Regular, Regular, Bom, Bom, Bom;203,04;203,04;Drenagem Superficial
DAS-INV-2025.02996;Regular, Regular, Bom, Regular, Bom;273,18;273,18;Drenagem Superficial
DAS-INV-2025.02758;Ruim, Regular, Bom, Regular, Regular;233,601;233,601;Drenagem Superficial
DAS-INV-2025.02887;Ruim, Regular, Regular, Bom, Bom;255,311;255,311;Drenagem Superficial
DAS-INV-2025.02614;Ruim, Regular, Bom, Regular, Ruim;209,72;209,72;Drenagem Superficial
DAS-INV-2025.02797;Regular, Bom, Regular, Ruim, Regular;240,281;240,281;Drenagem Superficial
DAS-INV-2025.02727;Ruim, Bom, Bom, Ruim, Regular;228,758;228,758;Drenagem Superficial
DAS-INV-2025.03003;Regular, Regular, Regular, Bom, Bom;274,349;274,349;Drenagem Superficial
DAS-INV-2025.02883;Regular, Bom, Bom, Ruim, Ruim;254,309;254,309;Drenagem Superficial
DAS-INV-2025.02644;Regular, Bom, Bom, Ruim, Bom;214,563;214,563;Drenagem Superficial
DAS-INV-2025.02596;Regular, Bom, Bom, Regular, Regular;206,547;206,547;Drenagem Superficial
DAS-INV-2025.02905;Regular, Regular, Regular, Bom, Regular;258,317;258,317;Drenagem Superficial
DAS-INV-2025.02594;Regular, Bom, Bom, Bom, Regular;206,213;206,213;Drenagem Superficial
DAS-INV-2025.02639;Regular, Regular, Regular, Ruim, Regular;213,728;213,728;Drenagem Superficial
DAS-INV-2025.02728;Regular, Regular, Bom, Bom, Regular;228,925;228,925;Drenagem Superficial
DAS-INV-2025.03002;Regular, Bom, Bom, Regular, Bom;273,681;273,681;Drenagem Superficial
DAS-INV-2025.02702;Regular, Regular, Bom, Regular, Bom;224,249;224,249;Drenagem Superficial
DAS-INV-2025.02942;Regular, Bom, Bom, Bom, Regular;264,329;264,329;Drenagem Superficial
DAS-INV-2025.02878;Regular, Bom, Regular, Ruim, Bom;253,641;253,641;Drenagem Superficial
DAS-INV-2025.02542;Regular, Bom, Regular, Regular, Bom;197,529;197,529;Drenagem Superficial
DAS-INV-2025.02488;Regular, Regular, Regular, Regular, Regular;188,511;188,511;Drenagem Superficial
DAS-INV-2025.02507;Regular, Bom, Bom, Regular, Bom;191,684;191,684;Drenagem Superficial
DAS-INV-2025.02474;Regular, Bom, Ruim, Bom, Bom;186,173;186,173;Drenagem Superficial
DAS-INV-2025.02648;Regular, Bom, Bom, Bom, Regular;215,398;215,398;Drenagem Superficial
DAS-INV-2025.02749;Regular, Bom, Regular, Bom, Regular;232,265;232,265;Drenagem Superficial
DAS-INV-2025.02626;Regular, Bom, Regular, Bom, Bom;210,054;210,054;Drenagem Superficial
DAS-INV-2025.02455;Regular, Bom, Bom, Bom, Regular;183,501;183,501;Drenagem Superficial
DAS-INV-2025.02548;Regular, Bom, Regular, Bom, Bom;198,531;198,531;Drenagem Superficial
DAS-INV-2025.02578;Regular, Bom, Regular, Bom, Regular;203,541;203,541;Drenagem Superficial
DAS-INV-2025.02973;Regular, Bom, Regular, Bom, Ruim;269,506;269,506;Drenagem Superficial
DAS-INV-2025.02681;Regular, Bom, Regular, Bom, Bom;220,742;220,742;Drenagem Superficial
DAS-INV-2025.02599;Regular, Bom, Regular, Bom, Regular;207,215;207,215;Drenagem Superficial
DAS-INV-2025.02584;Regular, Bom, Regular, Bom, Bom;204,877;204,877;Drenagem Superficial
DAS-INV-2025.03046;Regular, Bom, Regular, Bom, Bom;281,697;281,697;Drenagem Superficial
DAS-INV-2025.02964;Regular, Bom, Regular, Bom, Bom;268,003;268,003;Drenagem Superficial
DAS-INV-2025.02814;Regular, Bom, Bom, Bom, Ruim;242,786;242,786;Drenagem Superficial
DAS-INV-2025.02902;Regular, Bom, Regular, Bom, Bom;257,816;257,816;Drenagem Superficial
DAS-INV-2025.02893;Regular, Bom, Regular, Bom, Bom;256,146;256,146;Drenagem Superficial
DAS-INV-2025.02961;Regular, Bom, Regular, Bom, Ruim;267,502;267,502;Drenagem Superficial
DAS-INV-2025.02951;Regular, Bom, Regular, Bom, Regular;265,999;265,999;Drenagem Superficial
DAS-INV-2025.02925;Regular, Bom, Regular, Bom, Bom;261,49;261,49;Drenagem Superficial
DAS-INV-2025.03030;Regular, Bom, Bom, Bom, Regular;279,025;279,025;Drenagem Superficial
DAS-INV-2025.03032;Regular, Bom, Bom, Bom, Regular;279,359;279,359;Drenagem Superficial
DAS-INV-2025.02682;Regular, Bom, Bom, Bom, Ruim;220,909;220,909;Drenagem Superficial
DAS-INV-2025.02729;Regular, Bom, Bom, Bom, Ruim;229,092;229,092;Drenagem Superficial
DAS-INV-2025.02807;Regular, Bom, Bom, Bom, Regular;241,784;241,784;Drenagem Superficial
DAS-INV-2025.02767;Regular, Bom, Bom, Bom, Ruim;235,438;235,438;Drenagem Superficial
DAS-INV-2025.02678;Regular, Bom, Bom, Bom, Regular;220,241;220,241;Drenagem Superficial
DAS-INV-2025.02706;Regular, Bom, Bom, Bom, Ruim;224,75;224,75;Drenagem Superficial
DAS-INV-2025.02699;Regular, Bom, Bom, Bom, Ruim;221,41;221,41;Drenagem Superficial
DAS-INV-2025.02860;Regular, Bom, Bom, Bom, Regular;250,468;250,468;Drenagem Superficial
DAS-INV-2025.02465;Regular, Bom, Bom, Bom, Regular;184,837;184,837;Drenagem Superficial
DAS-INV-2025.02464;Regular, Bom, Bom, Bom, Regular;185,004;185,004;Drenagem Superficial
DAS-INV-2025.02984;Regular, Bom, Bom, Bom, Regular;271,176;271,176;Drenagem Superficial
DAS-INV-2025.02493;Regular, Bom, Bom, Bom, Regular;189,513;189,513;Drenagem Superficial
DAS-INV-2025.02552;Regular, Bom, Bom, Bom, Regular;199,366;199,366;Drenagem Superficial
DAS-INV-2025.02689;Regular, Bom, Bom, Bom, Regular;222,245;222,245;Drenagem Superficial
DAS-INV-2025.02830;Regular, Bom, Bom, Bom, Regular;245,792;245,792;Drenagem Superficial
DAS-INV-2025.02978;Regular, Bom, Regular, Bom, Bom;270,341;270,341;Drenagem Superficial
DAS-INV-2025.03007;Regular, Bom, Regular, Bom, Bom;275,351;275,351;Drenagem Superficial
DAS-INV-2025.02885;Regular, Bom, Bom, Bom, Regular;254,81;254,81;Drenagem Superficial
DAS-INV-2025.02890;Regular, Bom, Regular, Bom, Bom;255,645;255,645;Drenagem Superficial
DAS-INV-2025.02536;Regular, Bom, Regular, Bom, Ruim;196,527;196,527;Drenagem Superficial
DAS-INV-2025.03017;Regular, Bom, Regular, Bom, Bom;277,021;277,021;Drenagem Superficial
DAS-INV-2025.02845;Regular, Bom, Regular, Bom, Bom;248,13;248,13;Drenagem Superficial
DAS-INV-2025.02680;Regular, Bom, Regular, Bom, Bom;220,575;220,575;Drenagem Superficial
DAS-INV-2025.02901;Regular, Bom, Bom, Bom, Regular;257,983;257,983;Drenagem Superficial
DAS-INV-2025.02872;Regular, Bom, Ruim, Bom, Bom;252,639;252,639;Drenagem Superficial
DAS-INV-2025.02921;Regular, Bom, Regular, Bom, Regular;256,647;256,647;Drenagem Superficial
DAS-INV-2025.02911;Regular, Bom, Regular, Bom, Bom;259,319;259,319;Drenagem Superficial
DAS-INV-2025.02723;Regular, Bom, Bom, Bom, Regular;227,756;227,756;Drenagem Superficial
DAS-INV-2025.02796;Regular, Bom, Regular, Bom, Bom;239,78;239,78;Drenagem Superficial
DAS-INV-2025.02629;Regular, Bom, Bom, Bom, Regular;212,058;212,058;Drenagem Superficial
DAS-INV-2025.02997;Regular, Bom, Bom, Bom, Ruim;273,514;273,514;Drenagem Superficial
DAS-INV-2025.02581;Regular, Bom, Bom, Bom, Regular;204,376;204,376;Drenagem Superficial
DAS-INV-2025.02535;Regular, Bom, Bom, Bom, Ruim;196,36;196,36;Drenagem Superficial
DAS-INV-2025.02746;Regular, Bom, Bom, Bom, Ruim;231,597;231,597;Drenagem Superficial
DAS-INV-2025.02985;Regular, Bom, Bom, Bom, Ruim;271,677;271,677;Drenagem Superficial
DAS-INV-2025.02981;Regular, Bom, Bom, Bom, Ruim;270,842;270,842;Drenagem Superficial
DAS-INV-2025.02617;Regular, Bom, Bom, Bom, Regular;210,221;210,221;Drenagem Superficial
DAS-INV-2025.02774;Regular, Bom, Bom, Bom, Regular;236,44;236,44;Drenagem Superficial
DAS-INV-2025.02528;Regular, Bom, Bom, Bom, Regular;195,024;195,024;Drenagem Superficial
DAS-INV-2025.02521;Regular, Bom, Bom, Bom, Regular;194,189;194,189;Drenagem Superficial
DAS-INV-2025.02550;Regular, Bom, Bom, Bom, Regular;198,698;198,698;Drenagem Superficial
DAS-INV-2025.03001;Regular, Bom, Bom, Bom, Ruim;274,516;274,516;Drenagem Superficial
DAS-INV-2025.02892;Regular, Bom, Bom, Bom, Regular;255,812;255,812;Drenagem Superficial
DAS-INV-2025.02485;Regular, Bom, Bom, Bom, Regular;188,177;188,177;Drenagem Superficial
DAS-INV-2025.03041;Regular, Bom, Bom, Bom, Ruim;281,029;281,029;Drenagem Superficial
DAS-INV-2025.02769;Regular, Bom, Bom, Bom, Regular;235,605;235,605;Drenagem Superficial
DAS-INV-2025.02510;Regular, Bom, Bom, Bom, Regular;192,352;192,352;Drenagem Superficial
DAS-INV-2025.02882;Regular, Bom, Bom, Bom, Regular;254,476;254,476;Drenagem Superficial
DAS-INV-2025.02670;Regular, Bom, Bom, Bom, Ruim;218,905;218,905;Drenagem Superficial
DAS-INV-2025.02476;Regular, Bom, Bom, Bom, Ruim;186,507;186,507;Drenagem Superficial
DAS-INV-2025.03031;Regular, Bom, Bom, Bom, Regular;279,192;279,192;Drenagem Superficial
DAS-INV-2025.02971;Regular, Bom, Bom, Bom, Regular;269,172;269,172;Drenagem Superficial
DAS-INV-2025.02531;Regular, Bom, Bom, Bom, Regular;195,692;195,692;Drenagem Superficial
DAS-INV-2025.02852;Bom, Bom, Bom, Bom, Regular;248,965;248,965;Drenagem Superficial
DAS-INV-2025.02822;Bom, Bom, Bom, Bom, Regular;244,623;244,623;Drenagem Superficial
